0.2, nan, 0
0.135424, 107.959, 12008
0.0985301, 71.0416, 22499
0.0670668, 50.5722, 34004
0.0520801, 40.7958, 44678
0.0451296, 33.3633, 55084
0.0369945, 31.2266, 66962
0.0228981, 44.6642, 78707
0.0226736, 40.1564, 89309
0.0233858, 35.8244, 100354
0.0236601, 47.9678, 111617
0.0243467, 43.9181, 122320
0.0170016, 69.4587, 133268
0.0159005, 64.0922, 146068
0.0157373, 59.5278, 157500
0.0156045, 55.8971, 168856
0.0115876, 53.6807, 180602
0.0116853, 50.6018, 192440
0.012807, 47.8468, 204136
0.011839, 45.488, 216120
0.0101862, 44.0063, 228115
0.011644, 42.2646, 240279
0.0122069, 40.4266, 251992
0.0374922, 291.692, 264177
0.0357062, 279.504, 275772
0.0343806, 268.3, 287577
0.0337171, 258.467, 298569
0.0359299, 290.581, 310548
0.0349966, 280.511, 321757
0.0332743, 270.815, 333335
0.0332839, 262.101, 345109
0.032101, 253.872, 356481
0.0312989, 246.21, 367759
0.0306357, 239.142, 379116
0.0295814, 232.143, 391374
0.0269108, 226.407, 402996
0.0259061, 220.221, 414456
0.025178, 214.597, 425616
0.0253098, 211.302, 437058
0.0244851, 205.988, 448696
0.0240676, 200.878, 460224
0.0240836, 196.172, 471392
0.025288, 192.96, 482945
0.0251486, 188.556, 494406
0.0245704, 184.569, 505199
0.0332107, 276.059, 517504
0.0334479, 272.944, 527944
0.0337053, 267.304, 539453
0.0312108, 263.095, 550840
0.0271774, 265.49, 563853
0.0268215, 261.25, 573248
0.0264946, 256.72, 583444
0.0268713, 256.311, 594227
0.0266869, 251.807, 606877
0.0265422, 247.727, 616981
0.0262078, 242.711, 629895
0.0261317, 237.874, 642845
0.0258633, 233.823, 654092
0.0256475, 229.963, 665279
0.0257194, 226.684, 677179
0.0254547, 223, 688575
0.0249642, 218.888, 701616
0.0249001, 215.592, 712498
0.0245978, 211.953, 724818
0.0243731, 208.668, 736419
0.0242459, 205.698, 747310
0.024223, 202.739, 758467
0.024028, 199.823, 769783
0.0238986, 196.842, 781785
0.0239963, 194.067, 793391
0.0245349, 191.529, 804841
0.0244643, 188.703, 817032
0.0243971, 186.176, 828257
0.0242601, 183.825, 839434
0.0244672, 181.128, 852418
0.0244633, 178.895, 863333
0.0244702, 176.584, 874720
0.0242213, 173.693, 889832
0.0243258, 171.696, 900963
0.0242261, 169.702, 911635
0.0240358, 167.754, 922711
0.0240819, 165.783, 933776
0.023994, 163.818, 945354
0.0236314, 162.98, 956484
0.0236444, 161.144, 967557
0.0234443, 159.321, 978892
0.021936, 157.869, 990296
0.0219784, 156.076, 1001767
0.02179, 154.517, 1012164
0.0212045, 153.421, 1023043
0.0222573, 156.739, 1033882
0.0226615, 154.925, 1047074
0.0225528, 153.405, 1057803
0.0365335, 421.715, 1068799
0.0362968, 417.517, 1079730
0.0361606, 413.393, 1090557
0.0362497, 409.288, 1101543
0.0360092, 405.345, 1112446
0.035493, 401.546, 1123339
0.0351965, 397.728, 1134222
0.0350933, 393.801, 1145611
0.0349333, 389.931, 1157015
0.034759, 386.206, 1168251
0.0344964, 382.546, 1179808
0.034399, 379.015, 1190839
0.0336472, 375.529, 1202235
0.0331842, 372.211, 1213621
0.032884, 369.08, 1224036
0.0325922, 365.913, 1234903
0.0323789, 363.23, 1245707
0.0320428, 359.967, 1257032
0.0320518, 356.977, 1267640
0.0319387, 355.653, 1278691
0.0316918, 352.546, 1290045
0.0321968, 351.389, 1301107
0.0323757, 348.595, 1311937
0.0322694, 345.63, 1323215
0.0322008, 342.643, 1334787
0.0317411, 340.051, 1345966
0.0314093, 337.327, 1357286
0.0313242, 334.579, 1368556
0.031261, 331.813, 1379992
0.0310088, 329.21, 1391211
0.0307256, 326.643, 1402208
0.030744, 324.16, 1413808
0.0305959, 321.746, 1425007
0.0302372, 319.154, 1436657
0.0300386, 316.916, 1448184
0.0300348, 314.623, 1458810
0.0298885, 311.934, 1471518
0.0299715, 309.494, 1483290
0.030141, 307.846, 1493953
0.0279928, 309.952, 1505406
0.0281084, 307.616, 1516967
0.0283185, 305.375, 1528370
0.0279277, 303.176, 1539590
0.0279161, 300.6, 1552871
0.0277812, 298.479, 1564077
0.0273867, 296.309, 1575652
0.0294438, 322.838, 1586818
0.029491, 320.241, 1600034
0.0294298, 318.003, 1611374
0.02913, 315.268, 1625501
0.0287515, 313.323, 1636440
0.0285729, 311.373, 1646819
0.0286312, 309.396, 1657443
0.0284635, 307.101, 1669960
0.0285697, 305.032, 1681331
0.0285551, 303.352, 1690748
0.0284266, 301.378, 1701910
0.0295699, 300.447, 1711817
0.029462, 298.522, 1722979
0.0295655, 296.664, 1733851
0.0299908, 294.963, 1745095
0.0299728, 293.113, 1756256
0.0295222, 292.454, 1767121
0.0294667, 290.648, 1778223
0.0294636, 288.857, 1789700
0.0298038, 287.293, 1800528
0.0294953, 285.561, 1811757
0.0294929, 284.032, 1822966
0.0293457, 282.309, 1834175
0.0294492, 280.977, 1845293
0.0293995, 279.285, 1856615
0.0290242, 278.172, 1868052
0.029182, 276.632, 1878860
0.029069, 274.909, 1890975
0.0291429, 273.404, 1901492
0.028965, 272.615, 1912506
0.0194815, 1945.03, 1923888
0.0193572, 1933.93, 1934971
0.0191641, 1923.64, 1945343
0.019002, 1913.11, 1956064
0.0187373, 1902.35, 1967164
0.0186908, 1891.29, 1978688
0.0186088, 1880.48, 1990122
0.0181188, 1870.28, 2001211
0.0180172, 1860.09, 2012197
0.0179514, 1845.38, 2028300
0.0179504, 1835.17, 2039611
0.0181336, 1825.73, 2050488
0.0180549, 1815.55, 2062002
0.0180191, 1804.77, 2074379
0.0178415, 1795.95, 2084669
0.0176127, 1786.82, 2095339
0.0175901, 1777.12, 2106797
0.0173156, 1768.13, 2117534
0.0171092, 1759.06, 2128460
0.0170581, 1748.63, 2141175
0.0169432, 1740.54, 2151230
0.016784, 1731.54, 2162461
0.0168049, 1722.55, 2173783
0.0166327, 1713.87, 2184822
0.0164733, 1705.82, 2195185
0.0164657, 1697.24, 2206298
0.0163022, 1688.36, 2217963
0.0161857, 1680.34, 2228557
0.0160187, 1672.05, 2239681
0.0158021, 1664.13, 2250393
0.015574, 1655.22, 2262577
0.0156524, 1644.73, 2277054
0.015585, 1636.78, 2288147
0.0155426, 1628.81, 2299345
0.0154684, 1619.64, 2312390
0.0154852, 1611.33, 2324667
0.0152, 1603.48, 2336143
0.0151728, 1595.25, 2348214
0.0151195, 1587.69, 2359449
0.0150509, 1579.69, 2371420
0.0149572, 1572.4, 2382450
0.0150761, 1565.12, 2393636
0.015193, 1558.01, 2404668
0.0152013, 1550.81, 2415870
0.015159, 1543.64, 2427137
0.0151153, 1536.69, 2438131
0.0152457, 1529.7, 2449312
0.0150242, 1523.14, 2460579
0.0150054, 1516.38, 2471587
0.015014, 1509.69, 2482579
0.0160328, 1503.42, 2494012
0.0159537, 1496.68, 2505390
0.0159343, 1489.45, 2517551
0.0157652, 1482.98, 2528597
0.0157447, 1476.35, 2539987
0.0156647, 1469.88, 2551267
0.0156224, 1463.75, 2561975
0.0156275, 1457.62, 2572902
0.0156751, 1451.46, 2583848
0.0156121, 1445.35, 2594792
0.0154334, 1439.37, 2606323
0.0154958, 1434.08, 2615994
0.0154529, 1428.15, 2626877
0.0154197, 1422.45, 2637416
0.0154001, 1416.57, 2648401
0.0153458, 1411.45, 2658035
0.0154936, 1405.85, 2668777
0.0153879, 1400.61, 2678984
0.0153002, 1395.2, 2689381
0.0152506, 1389.47, 2700509
0.0152418, 1383.75, 2711685
0.0151396, 1376.92, 2725278
0.0148269, 1371.42, 2736564
0.0148352, 1365.87, 2747746
0.0147844, 1360.4, 2758820
0.0148946, 1354.95, 2769985
0.014635, 1350.23, 2781265
0.0145885, 1344.81, 2792577
0.0144849, 1339.45, 2803822
0.01429, 1334.35, 2814784
0.0142676, 1329.27, 2825559
0.0142167, 1324.04, 2836742
0.0141512, 1318.6, 2848471
0.0140709, 1313.73, 2859121
0.0140489, 1309.18, 2870134
0.0139621, 1304.05, 2881449
0.0139181, 1299.04, 2892588
0.0138671, 1294.07, 2903738
0.0139065, 1289.17, 2914780
0.0139768, 1284.46, 2925574
0.0139564, 1279.73, 2936407
0.0134931, 1275.8, 2947668
0.0134743, 1271.22, 2958300
0.013363, 1266.41, 2969598
0.0133428, 1261.73, 2980668
0.0133535, 1257.01, 2991878
0.0133976, 1252.37, 3003144
0.0133833, 1247.66, 3014495
0.0134049, 1243.01, 3025925
0.0133364, 1238.56, 3037487
0.0131273, 1234.24, 3048326
0.0130313, 1228.6, 3063966
0.0131418, 1224.2, 3075055
0.013156, 1219.71, 3086533
0.0131355, 1215.58, 3097043
0.0131001, 1211.64, 3107649
0.0131306, 1207.19, 3119161
0.0132051, 1203.08, 3129973
0.0132702, 1198.77, 3141233
0.013216, 1194.57, 3152299
0.0132335, 1190.51, 3163076
0.0130952, 1186.43, 3174426
0.0130817, 1182.48, 3185058
0.0140976, 1179.83, 3195860
0.0141224, 1175.47, 3207734
0.0139908, 1170.84, 3220598
0.013954, 1164.1, 3239294
0.0139945, 1160.29, 3250031
0.0138365, 1156.54, 3261477
0.0136446, 1152.9, 3272151
0.0136435, 1149.14, 3282874
0.0136338, 1145.35, 3293759
0.0135934, 1141.43, 3305122
0.0139342, 1137.94, 3316138
0.0139412, 1134.25, 3326937
0.014223, 1128.57, 3344048
0.01416, 1121.26, 3365964
0.0141758, 1118, 3375807
0.0138734, 1114.13, 3387907
0.0138605, 1109.32, 3402688
0.0137543, 1106.96, 3410308
0.0166794, 1135.3, 3420976
0.0166946, 1132.09, 3430701
0.0167326, 1127.64, 3444293
0.016763, 1124.38, 3454310
0.016756, 1120.64, 3465873
0.0166893, 1116.44, 3479033
0.016838, 1113.11, 3489609
0.0167901, 1111.15, 3499313
0.0168155, 1108.27, 3508452
0.0167627, 1105.13, 3518441
0.0168646, 1100.44, 3533495
0.0168768, 1097.32, 3543569
0.0168677, 1093.49, 3556020
0.0167875, 1090.71, 3565649
0.0167852, 1087.51, 3576194
0.0166466, 1082.57, 3592970
0.0167054, 1079.4, 3603550
0.0167022, 1076.47, 3613487
0.0166829, 1073.54, 3623360
0.0168115, 1070.4, 3636306
0.0165763, 1067.41, 3646748
0.0164063, 1063.86, 3661155
0.0163735, 1061, 3671099
0.016207, 1058.3, 3681640
0.0162535, 1055.37, 3691901
0.019024, 1063.02, 3702046
0.0189035, 1060.3, 3712204
0.0188779, 1057.18, 3723200
0.018863, 1054.02, 3734381
0.0188455, 1050.91, 3745451
0.0187947, 1048.04, 3755759
0.0187732, 1044.93, 3766985
0.018766, 1041.9, 3777944
0.0188611, 1039.47, 3788901
0.0187509, 1036.68, 3800971
0.0186832, 1033.67, 3812206
0.0185946, 1031.1, 3823663
0.0184828, 1028.19, 3834711
0.0184486, 1025.15, 3846104
0.0186228, 1022.22, 3857323
0.0186264, 1019.31, 3868361
0.018737, 1016.32, 3879954
0.0186016, 1013.32, 3891635
0.0185509, 1010.57, 3902256
0.0185194, 1007.82, 3913042
0.0185297, 1004.93, 3924338
0.0185196, 1002.19, 3935087
0.0187084, 999.448, 3946219
0.0184385, 996.861, 3956983
0.0185124, 993.988, 3968459
0.0185068, 991.269, 3979378
0.0185026, 988.485, 3990635
0.0183424, 985.823, 4001706
0.0183338, 982.874, 4014254
0.0182739, 980.182, 4025432
0.0184473, 977.71, 4035936
0.0184674, 975.065, 4046959
0.0183946, 971.162, 4063296
0.0183216, 968.691, 4073765
0.0182976, 964.677, 4090820
0.0182827, 962.265, 4101114
0.0182838, 959.825, 4111552
0.0183041, 956.844, 4124403
0.0183451, 954.42, 4134905
0.0149902, 973.257, 4145614
0.0150263, 970.91, 4155666
0.0152479, 968.669, 4165892
0.0152451, 966.284, 4176192
0.0153164, 963.578, 4187953
0.0154017, 961.339, 4197802
0.0156335, 959.01, 4208348
0.0154868, 956.288, 4221524
0.0153858, 954.077, 4231605
0.015389, 951.751, 4242088
0.0151378, 949.34, 4253174
0.0150959, 946.522, 4265882
0.0151064, 944.1, 4276876
0.0151154, 941.029, 4290878
0.0151212, 938.815, 4301080
0.0151241, 936.64, 4311108
0.0151085, 933.704, 4324746
0.0150752, 931.511, 4335050
0.0150983, 929.179, 4345946
0.0150849, 926.852, 4356911
0.0151137, 924.462, 4368232
0.0151411, 922.099, 4379450
0.015273, 920.146, 4389967
0.0154329, 918.089, 4400856
0.0155727, 915.837, 4412010
0.0156134, 913.622, 4422824
0.0156383, 911.386, 4433701
0.015551, 909.27, 4444988
0.0155302, 907.125, 4455556
0.0155258, 905.028, 4465897
0.0163387, 911.906, 4477429
0.0163063, 909.54, 4489128
0.0162727, 906.989, 4501812
0.0163315, 904.557, 4513991
0.0180734, 907.656, 4527591
0.0172427, 921.842, 4538178
0.0171602, 919.776, 4548820
0.0171554, 917.582, 4559721
0.0172501, 915.386, 4570735
0.0171972, 913.272, 4581419
0.0172264, 910.98, 4592993
0.0171528, 908.84, 4604076
0.0171178, 905.848, 4619545
0.01715, 903.778, 4630186
0.0171545, 901.635, 4641209
0.0171637, 899.571, 4651876
0.0171522, 897.518, 4662547
0.0171777, 894.903, 4676321
0.0172938, 893.025, 4687538
0.0173177, 890.994, 4698243
0.0173257, 888.743, 4710176
0.0176422, 887.33, 4721144
0.0176967, 885.25, 4732958
0.0177092, 883.231, 4743793
0.0177224, 881.316, 4754314
0.0177215, 879.507, 4764122
0.0177625, 877.766, 4773625
0.0179599, 876.124, 4783152
0.0179697, 874.402, 4792587
0.0179573, 872.684, 4802034
0.0166713, 882.834, 4811079
0.0166543, 881.321, 4819357
0.0166657, 879.744, 4828231
0.016682, 877.961, 4838067
0.0165909, 876.432, 4846752
0.0166216, 874.825, 4855757
0.0165467, 872.809, 4867291
0.0165848, 871.278, 4875868
0.0166648, 869.867, 4883912
0.0166707, 868.557, 4891316
0.0166941, 867.061, 4899785
0.0166592, 865.735, 4907304
0.0166524, 864.374, 4915098
0.0166642, 863.058, 4922670
0.0166673, 861.703, 4930425
0.016755, 860.17, 4939287
0.0168812, 858.85, 4947395
0.0168858, 857.362, 4955997
0.0167426, 856.573, 4964110
0.0167134, 855.157, 4972568
0.016713, 853.729, 4980913
0.01672, 852.317, 4989172
0.0166888, 851.105, 4998349
0.0167288, 849.682, 5006763
0.0165944, 848.213, 5015895
0.0165285, 846.832, 5024146
0.0165371, 845.978, 5029266
0.0165334, 844.671, 5037053
0.0165384, 843.215, 5045851
0.0165445, 841.72, 5054831
0.0165812, 840.529, 5064008
0.0167701, 839.319, 5072143
0.0167913, 837.891, 5080836
0.0167317, 836.818, 5089427
0.016704, 835.435, 5097873
0.0166613, 834.05, 5106440
0.0166777, 832.694, 5114804
0.0167019, 831.38, 5122999
0.0166893, 830.034, 5131628
0.0166835, 828.63, 5140336
0.0167434, 827.429, 5149031
0.0167699, 826.069, 5157538
0.0167494, 824.701, 5166160
0.0168019, 823.318, 5174894
0.0167635, 822.004, 5183208
0.0167793, 820.651, 5191766
0.0167367, 819.31, 5200537
0.0167729, 818.063, 5208553
0.0169194, 816.917, 5216721
0.0169179, 815.58, 5225382
0.0169465, 813.728, 5237301
0.016983, 812.461, 5245480
0.0170014, 811.196, 5253695
0.0169621, 809.889, 5262208
0.016908, 808.639, 5270428
0.0169443, 807.378, 5278701
0.0169518, 805.963, 5288009
0.0168091, 804.695, 5297682
0.0168431, 803.557, 5305394
0.0168244, 802.287, 5313887
0.0168378, 801.048, 5322122
0.0167721, 799.532, 5332320
0.0167853, 798.598, 5338627
0.0167947, 797.374, 5346894
0.0167893, 796.13, 5355333
0.0168401, 794.857, 5363953
0.016866, 793.622, 5372355
0.0168727, 792.355, 5380967
0.0168559, 790.54, 5393813
0.0168726, 789.371, 5401827
0.0168425, 788.236, 5409843
0.016865, 787.061, 5417946
0.0167911, 785.841, 5426490
0.0168015, 784.692, 5434484
0.0168083, 783.585, 5442232
0.016879, 782.404, 5450601
0.0168131, 781.319, 5458415
0.0168171, 780.149, 5466685
0.0168361, 778.934, 5475252
0.016814, 777.805, 5483229
0.0168589, 776.661, 5491342
0.0168926, 775.569, 5499093
0.0169568, 774.532, 5506705
0.0169464, 773.454, 5514415
0.0169913, 772.319, 5522609
0.0170403, 771.213, 5530640
0.0166541, 771.871, 5538513
0.01658, 770.628, 5547710
0.016613, 769.502, 5555862
0.0165916, 768.406, 5563805
0.0165987, 767.28, 5572026
0.0166383, 766.168, 5580177
0.0166248, 765.011, 5588681
0.0166571, 763.862, 5597215
0.0166796, 762.678, 5605947
0.0166482, 761.565, 5614361
0.0165768, 760.402, 5623040
0.0166008, 759.258, 5631533
0.0166156, 758.169, 5639643
0.016627, 757.062, 5647906
0.0166622, 755.914, 5656549
0.0166751, 754.569, 5666676
0.0167151, 753.473, 5674952
0.0166612, 752.115, 5685324
0.0166679, 751.135, 5692769
0.0166969, 749.928, 5701964
0.0169964, 749.93, 5710301
0.0170123, 748.843, 5718683
0.0170247, 747.759, 5727047
0.017039, 746.587, 5736071
0.0170301, 745.478, 5744621
0.0170552, 744.353, 5753318
0.0171001, 743.253, 5761972
0.0170984, 742.16, 5770485
0.0168957, 741.165, 5778979
0.0168886, 740.086, 5787447
0.0169041, 739.062, 5795486
0.0169063, 737.897, 5804665
0.0167371, 737.269, 5812672
0.0167235, 736.225, 5820947
0.0168377, 735.249, 5829304
0.0200538, 817.242, 5842202
0.0200617, 815.954, 5851444
0.0201023, 814.801, 5859754
0.020102, 813.625, 5868245
0.0200717, 812.474, 5876644
0.0200995, 811.264, 5885568
0.0201326, 810.232, 5893395
0.0201004, 809.101, 5901730
0.0201054, 807.94, 5910243
0.020145, 806.818, 5918531
0.020162, 805.663, 5927210
0.0201559, 804.462, 5936113
0.0201985, 803.441, 5943694
0.0201694, 802.406, 5951431
0.0201985, 801.255, 5960151
0.0201831, 799.804, 5971103
0.0201412, 798.682, 5979597
0.0201051, 797.668, 5987227
0.0202879, 796.437, 5997634
0.0202981, 795.377, 6005646
0.0202877, 794.365, 6013371
0.0202813, 793.352, 6021140
0.0203078, 792.185, 6030062
0.0203234, 791.087, 6038449
0.0203307, 790.089, 6046108
0.0206005, 789.981, 6054722
0.0206228, 788.801, 6063896
0.0206496, 787.699, 6072402
0.0204851, 786.809, 6080919
0.0204791, 785.71, 6089442
0.0206714, 784.62, 6099646
0.0206612, 783.536, 6108111
0.0206661, 782.161, 6118928
0.0207198, 780.631, 6131120
0.0207524, 779.563, 6139549
0.0207963, 778.496, 6148043
0.0210731, 778.362, 6157384
0.0210828, 777.285, 6166004
0.0210784, 775.824, 6177657
0.0210938, 774.858, 6185394
0.0210437, 773.86, 6193945
0.0210017, 772.865, 6201981
0.0210347, 771.585, 6212336
0.021057, 770.593, 6220383
0.0211093, 769.371, 6230736
0.0211046, 768.591, 6237084
0.0210781, 767.559, 6245503
0.0210457, 766.545, 6253830
0.0210585, 765.503, 6262444
0.0210578, 764.484, 6270831
0.0210505, 763.56, 6278476
0.0211204, 762.71, 6285660
0.021128, 761.739, 6293691
0.0211402, 760.724, 6302100
0.0211324, 759.708, 6310573
0.0210772, 758.254, 6322744
0.0210791, 757.258, 6331136
0.0210831, 756.276, 6339377
0.0210903, 755.306, 6347527
0.0210778, 754.281, 6356168
0.0210471, 752.972, 6367328
0.0210649, 752.024, 6375376
0.0210942, 750.956, 6384490
0.0210805, 750.091, 6391882
0.0214799, 750.21, 6402200
0.021516, 749.266, 6410311
0.0214785, 748.122, 6420356
0.0214773, 747.131, 6428892
0.0214703, 746.124, 6437605
0.0214824, 745.15, 6446039
0.0214846, 744.148, 6454767
0.0218921, 744.087, 6463172
0.0219038, 743.171, 6471170
0.0218015, 742.035, 6481638
0.0217317, 741.083, 6490192
0.0217257, 740.131, 6498580
0.0217397, 739.173, 6507037
0.0217274, 738.258, 6515473
0.0217332, 737.38, 6523466
0.0216814, 736.469, 6531608
0.0216796, 735.513, 6540110
0.0217286, 734.612, 6548437
0.0217949, 733.637, 6557212
0.0217737, 732.745, 6565271
0.0217599, 731.813, 6573652
0.0217676, 730.936, 6581625
0.0217023, 730.058, 6589864
0.0216968, 729.163, 6598043
0.0216678, 727.871, 6609844
0.0216561, 726.963, 6618336
0.0217417, 726.119, 6626843
0.0217703, 725.192, 6635351
0.0217732, 724.284, 6643702
0.0217989, 723.44, 6651902
0.0218241, 722.529, 6660298
0.0218347, 721.661, 6668346
0.0218395, 720.831, 6676095
0.0218331, 719.968, 6684181
0.0218005, 719.114, 6692200
0.0218195, 718.263, 6700177
0.0217893, 717.362, 6708621
0.0218114, 716.422, 6717444
0.0218775, 715.615, 6725703
0.021843, 714.838, 6733136
0.021856, 713.955, 6741509
0.0218428, 713.16, 6749062
0.0218125, 712.377, 6756830
0.0217904, 711.526, 6764940
0.0217682, 710.496, 6774872
0.0216218, 709.553, 6785908
0.0216292, 708.683, 6794256
0.0216367, 707.76, 6803167
0.0216471, 706.836, 6812108
0.0215794, 706.027, 6820289
0.0215651, 705.137, 6828908
0.0215267, 704.26, 6837471
0.0215205, 703.398, 6845953
0.0215207, 702.55, 6854254
0.02148, 701.557, 6864052
0.0215317, 700.716, 6872578
0.0215571, 699.874, 6880885
0.0215807, 699.02, 6889367
0.0215254, 698.172, 6897840
0.0215437, 697.271, 6906791
0.0215497, 696.541, 6914055
0.0215501, 695.761, 6921834
0.0215218, 695.061, 6928838
0.0215167, 694.294, 6936507
0.021482, 693.429, 6945244
0.0215003, 692.526, 6954356
0.0214825, 691.586, 6963832
0.0214743, 690.845, 6971313
0.0210236, 691.253, 6979722
0.0209914, 690.424, 6988154
0.0210107, 689.578, 6996813
0.0210219, 688.851, 7004543
0.021009, 688.046, 7012762
0.0210318, 687.285, 7021133
0.0210126, 686.512, 7029090
0.0209947, 685.692, 7037519
0.0209844, 684.863, 7046290
0.0209807, 684.01, 7055124
0.0209761, 683.007, 7065533
0.0210067, 682.201, 7073959
0.0211244, 683.919, 7082694
0.0209572, 683.134, 7092819
0.0209333, 682.358, 7100906
0.0209302, 681.611, 7108737
0.0209869, 680.831, 7116959
0.0209527, 679.928, 7126613
0.0209595, 679.173, 7134549
0.0209591, 678.438, 7142356
0.020964, 677.672, 7150440
0.0209887, 676.904, 7158703
0.0205012, 677.288, 7166320
0.0205198, 676.567, 7174459
0.0205933, 675.886, 7182285
0.0206185, 675.164, 7190907
0.0206204, 674.462, 7198469
0.0206514, 673.707, 7206672
0.0205389, 673.069, 7214612
0.0205576, 672.36, 7222256
0.0205527, 671.657, 7230052
0.0206031, 670.944, 7237800
0.0206017, 670.213, 7245719
0.020573, 669.473, 7253754
0.0206141, 668.719, 7262036
0.0208121, 668.133, 7271890
0.020821, 667.461, 7279263
0.0207883, 666.764, 7286912
0.0208055, 666.005, 7295240
0.0208166, 665.183, 7304270
0.0208176, 664.552, 7311228
0.0209352, 663.995, 7317921
0.0209232, 663.279, 7325882
0.0208485, 662.531, 7334569
0.0208509, 661.774, 7342970
0.0209369, 660.931, 7352559
0.0209782, 660.302, 7360859
0.0210403, 659.519, 7369980
0.0210041, 658.803, 7378346
0.0209852, 658.124, 7387026
0.0209915, 657.375, 7395469
0.0209966, 656.603, 7404200
0.0210285, 655.906, 7412159
0.0211703, 655.391, 7420064
0.0211955, 654.619, 7428983
0.0212783, 653.955, 7437350
0.0212243, 653.011, 7448165
0.0212536, 652.33, 7456270
0.0212701, 651.667, 7463904
0.0210837, 651.442, 7472345
0.0210825, 650.606, 7481996
0.0210946, 649.87, 7490515
0.0210678, 649.102, 7499410
0.0210926, 648.402, 7507532
0.0210625, 647.705, 7515665
0.0210471, 646.708, 7527290
0.0210917, 645.903, 7537012
0.0211479, 645.216, 7545353
0.021175, 644.48, 7554115
0.0212415, 643.789, 7562801
0.0212602, 643.058, 7571476
0.0212459, 642.306, 7580498
0.0212691, 641.531, 7589738
0.0212603, 640.725, 7599341
0.0212752, 640.102, 7606758
0.0211921, 639.445, 7615412
0.0212117, 638.536, 7626690
0.0209783, 638.186, 7634916
0.0210032, 637.457, 7643686
0.0209752, 636.797, 7651652
0.0208245, 636.234, 7660264
0.0208083, 635.53, 7668843
0.0208453, 634.878, 7677178
0.020821, 634.09, 7687006
0.0208223, 633.444, 7694871
0.0208165, 632.745, 7703405
0.0207999, 632.045, 7711957
0.0207565, 631.375, 7720487
0.0207653, 630.688, 7728936
0.0207296, 630.029, 7737385
0.0206873, 629.261, 7746952
0.0206801, 628.617, 7754926
0.0207126, 627.934, 7763522
0.0206659, 627.198, 7772734
0.0206841, 626.591, 7780407
0.0211356, 626.66, 7788958
0.0210975, 625.829, 7799608
0.0210764, 625.385, 7805345
0.021094, 624.735, 7813557
0.021106, 623.847, 7825198
0.0211688, 623.221, 7833221
0.0211594, 622.554, 7841640
0.0212178, 621.936, 7849868
0.0212294, 621.075, 7860804
0.0212408, 620.493, 7868309
0.0213772, 619.984, 7877270
0.0213867, 619.465, 7883893
0.021385, 618.844, 7892120
0.021375, 618.199, 7900367
0.0213937, 617.574, 7908426
0.0213466, 616.947, 7916550
0.0213801, 616.312, 7924835
0.0213876, 615.662, 7933245
0.0213919, 614.889, 7943349
0.0218027, 615.743, 7950653
0.0218445, 615.23, 7957537
0.0218401, 614.628, 7965503
0.0218493, 613.959, 7974243
0.0218551, 613.145, 7984847
0.0218494, 612.473, 7993671
0.021907, 611.843, 8002033
0.0219178, 611.295, 8009237
0.0218913, 610.678, 8017358
0.0218187, 610.062, 8025705
0.0218306, 609.445, 8033912
0.0218327, 608.853, 8041862
0.0218505, 608.171, 8050981
0.021855, 607.542, 8059327
0.0219002, 606.838, 8071613
0.0218888, 606.303, 8078762
0.0219305, 605.631, 8087868
0.0219836, 605.076, 8096632
0.0219116, 604.462, 8105271
0.021564, 605.895, 8114719
0.0215405, 605.19, 8124255
0.0215866, 604.468, 8134015
0.0215704, 603.849, 8142383
0.0215873, 603.22, 8150913
0.021594, 602.597, 8159588
0.0214382, 602.128, 8168286
0.0214319, 601.493, 8176933
0.0214416, 600.847, 8185738
0.0214387, 600.186, 8194812
0.0214435, 599.675, 8201884
0.0213768, 599.168, 8209885
0.0213973, 598.586, 8217927
0.0213611, 598.021, 8225826
0.0213517, 597.439, 8233941
0.0213462, 596.895, 8241473
0.0213406, 596.298, 8249776
0.0213341, 595.69, 8258248
0.0213403, 595.069, 8266884
0.0212923, 594.492, 8275326
0.0212468, 593.893, 8283788
0.0212107, 593.283, 8292404
0.0211951, 592.673, 8301082
0.0211936, 591.942, 8311356
0.0211389, 591.374, 8319868
0.0211421, 590.783, 8328264
0.0211815, 590.159, 8337353
0.0211735, 589.525, 8346369
0.0211081, 588.959, 8354518
0.0211015, 588.363, 8363101
0.0210974, 587.781, 8371417
0.0210806, 587.203, 8379728
0.0211125, 586.63, 8388042
0.0211257, 586.044, 8396557
0.0211288, 585.341, 8406659
0.0210887, 584.794, 8417914
0.0211525, 584.19, 8426814
0.0211381, 583.618, 8435104
0.0209449, 583.184, 8444132
0.0209558, 582.625, 8452381
0.0209548, 581.891, 8463192
0.0208935, 581.274, 8472530
0.0208989, 580.649, 8481678
0.0209202, 580.112, 8489673
0.0208995, 579.546, 8498046
0.0209008, 579.007, 8505987
0.0209008, 578.445, 8514305
0.0208783, 577.863, 8522952
0.0208353, 577.214, 8532802
0.0208278, 576.653, 8541158
0.0208303, 576.099, 8549649
0.020829, 575.591, 8557223
0.0208557, 575.06, 8565322
0.0208286, 574.584, 8573194
0.020816, 573.994, 8582125
0.0207991, 573.44, 8590493
0.0207804, 572.911, 8598859
0.0207368, 572.368, 8607382
0.0207476, 571.811, 8615804
0.0207633, 571.261, 8624401
0.0207911, 570.742, 8632277
0.0208544, 570.296, 8640831
0.0210224, 570.96, 8651288
0.0209004, 570.427, 8660375
0.0208635, 569.899, 8668485
0.0208802, 569.367, 8677223
0.0209442, 568.833, 8685497
0.0208416, 568.285, 8695238
0.0208786, 567.784, 8702990
0.0208722, 567.243, 8711360
0.0208867, 566.622, 8720951
0.0208645, 566.07, 8729484
0.0208829, 565.527, 8737911
0.0208622, 564.912, 8747566
0.0209182, 564.414, 8756703
0.0208933, 563.884, 8765252
0.0208848, 563.345, 8773755
0.0208907, 562.812, 8782501
0.0209028, 562.306, 8790456
0.0185212, 640.82, 8799942
0.0185164, 640.22, 8808238
0.0185083, 639.52, 8818085
0.0185179, 638.903, 8826657
0.0185223, 638.296, 8835317
0.0185408, 637.71, 8843618
0.0185709, 637.119, 8852067
0.018579, 636.554, 8859985
0.0185708, 635.901, 8869124
0.0186045, 635.298, 8877589
0.0185935, 634.713, 8885789
0.0186189, 634.091, 8894550
0.0186187, 633.513, 8902691
0.0186191, 632.814, 8912647
0.0186572, 632.27, 8920453
0.0186559, 631.676, 8928944
0.0188757, 631.002, 8940739
0.0187978, 630.514, 8948757
0.0188005, 629.918, 8957270
0.0187668, 629.334, 8965803
0.0187541, 628.712, 8974685
0.01877, 628.092, 8983569
0.0187707, 627.503, 8992025
0.0187354, 627.034, 9000554
0.018712, 626.46, 9008963
0.0187469, 625.908, 9017066
0.0187352, 625.334, 9025393
0.0187042, 624.78, 9034023
0.0187253, 624.191, 9042586
0.0187327, 623.496, 9052686
0.0186935, 622.952, 9060876
0.018704, 622.364, 9069455
0.0186505, 621.797, 9077874
0.0186627, 621.229, 9086200
0.0186559, 620.674, 9094413
0.018662, 620.113, 9102661
0.0186998, 619.633, 9109874
0.0187016, 619.064, 9118270
0.0186897, 618.492, 9126862
0.0186886, 617.914, 9135444
0.0187128, 617.401, 9143076
0.0187068, 616.874, 9150926
0.0186874, 616.358, 9158649
0.0186763, 615.83, 9166593
0.0186751, 615.206, 9175911
0.0186833, 614.681, 9183862
0.018694, 614.132, 9192095
0.0186612, 613.572, 9200764
0.0186825, 613.045, 9208746
0.0187805, 612.714, 9215073
0.0188463, 612.222, 9222775
0.0189625, 611.809, 9231282
0.018998, 611.157, 9241579
0.0190117, 610.61, 9249904
0.0190037, 609.902, 9260680
0.0190331, 609.418, 9268140
0.019033, 608.855, 9276762
0.0190978, 608.417, 9285318
0.0190836, 607.869, 9293821
0.01911, 607.333, 9302451
0.0191354, 606.663, 9312787
0.0191009, 606.099, 9321573
0.0191027, 605.617, 9329040
0.0191117, 605.121, 9336760
0.019128, 604.607, 9344720
0.019122, 604.049, 9353399
0.0191188, 603.55, 9361168
0.0191238, 602.867, 9371865
0.0191455, 602.305, 9380670
0.0192737, 601.92, 9388737
0.019312, 601.375, 9397289
0.0193089, 600.836, 9405813
0.0192827, 600.292, 9414479
0.0192507, 599.753, 9423009
0.0192896, 599.244, 9431555
0.0192943, 598.564, 9442286
0.0192867, 598.015, 9451036
0.0192855, 597.484, 9459721
0.0192812, 596.957, 9468117
0.019279, 596.38, 9477308
0.0192918, 595.856, 9485854
0.0192548, 595.279, 9495279
0.0192524, 594.75, 9503748
0.0192982, 594.215, 9512396
0.0193057, 593.679, 9521018
0.0193056, 593.168, 9529248
0.0193462, 592.662, 9537685
0.0193614, 592.14, 9546194
0.0193825, 591.335, 9559338
0.0193631, 590.818, 9567744
0.0193682, 590.317, 9575882
0.0193724, 589.793, 9584426
0.0196466, 590.786, 9592874
0.0196429, 590.275, 9601357
0.0196666, 589.772, 9609550
0.0196129, 589.28, 9617833
0.019594, 588.772, 9626181
0.0196235, 588.249, 9634781
0.0196368, 587.761, 9642904
0.0196646, 587.305, 9650953
0.019657, 586.774, 9659710
0.0196564, 586.285, 9667838
0.0197005, 585.794, 9676075
0.0197178, 585.284, 9684560
0.0196198, 584.82, 9694199
0.0196127, 584.317, 9702627
0.0196015, 583.804, 9711196
0.0195379, 583.302, 9719702
0.0195545, 582.536, 9732923
0.0195559, 582.008, 9741808
0.0195696, 581.518, 9750061
0.0195723, 581.017, 9758529
0.0196029, 580.542, 9766603
0.0195877, 579.792, 9779827
0.0196156, 579.302, 9788224
0.0196606, 578.836, 9796689
0.0196634, 578.347, 9805017
0.0196753, 577.846, 9813574
0.0196751, 577.351, 9822055
0.0196709, 576.883, 9830063
0.0196747, 576.399, 9838382
0.0197068, 575.918, 9846689
0.019777, 575.443, 9855255
0.0197306, 574.977, 9863668
0.0197085, 574.478, 9872397
0.0197373, 573.996, 9880796
0.0197865, 573.541, 9888965
0.0198013, 573.064, 9897339
0.0198222, 572.58, 9905907
0.0198188, 572.103, 9914215
0.0198316, 571.62, 9922596
0.0198405, 571.109, 9931551
0.0198396, 570.734, 9938098
0.0199831, 570.387, 9947068
0.0200032, 569.922, 9955232
0.020035, 569.477, 9963090
0.0199983, 569.028, 9971353
0.0200139, 568.54, 9979932
0.0199922, 568.061, 9988411
0.0199861, 567.577, 9996957
0.0199905, 567.101, 10005371
0.019983, 566.631, 10013903
0.0200307, 566.422, 10022225
0.0200062, 565.885, 10031861
0.0200421, 565.416, 10040269
0.0200292, 564.935, 10048836
0.0199998, 564.422, 10058126
0.0199942, 563.958, 10066480
0.0200164, 563.488, 10075001
0.0200741, 563.046, 10083325
0.0200365, 562.62, 10091266
0.0200055, 562.162, 10099602
0.0200272, 561.655, 10108872
0.0200487, 561.217, 10117131
0.0200201, 560.844, 10125025
0.0200378, 560.444, 10132270
0.0200155, 560.024, 10139971
0.0199875, 559.612, 10147635
0.0199818, 559.213, 10154884
0.0199671, 558.698, 10164298
0.0199679, 558.203, 10173328
0.0199709, 557.781, 10181250
0.0199909, 557.401, 10188225
0.0199892, 556.961, 10196342
0.0198713, 556.725, 10203739
0.0198862, 556.267, 10212176
0.0198359, 555.845, 10220650
0.0198409, 555.388, 10229149
0.0198036, 554.946, 10237505
0.0198168, 554.479, 10246134
0.0197727, 554.06, 10254175
0.0197789, 553.439, 10265730
0.0197659, 553.06, 10272832
0.019728, 552.634, 10280870
0.0197855, 552.191, 10289443
0.0197152, 551.783, 10297983
0.0196855, 551.353, 10306087
0.0196202, 550.981, 10313574
0.0196232, 550.598, 10321340
0.0196707, 550.171, 10329906
0.0196473, 549.788, 10337289
0.0197296, 549.39, 10345419
0.0197658, 548.967, 10353472
0.0197708, 548.556, 10361445
0.0197773, 548.102, 10370085
0.0198287, 547.65, 10379278
0.0198276, 547.247, 10386997
0.0198224, 546.79, 10395695
0.0198157, 546.369, 10403758
0.0198277, 545.743, 10415736
0.0198237, 545.405, 10423027
0.0198379, 544.869, 10433359
0.0198666, 544.454, 10441460
0.0198809, 544.342, 10449007
0.0198848, 543.901, 10457499
0.0198028, 543.543, 10465693
0.0198078, 543.129, 10474144
0.01982, 542.468, 10486976
0.0198296, 542.024, 10495671
0.0198916, 541.624, 10503879
0.0199008, 541.201, 10512347
0.0199426, 540.808, 10520968
0.0199331, 540.392, 10529317
0.0199248, 539.955, 10537945
0.0198771, 539.405, 10548916
0.0198562, 538.875, 10559772
0.0198993, 538.543, 10566657
0.0198809, 538.117, 10575117
0.0198813, 537.726, 10582824
0.019836, 537.367, 10590983
0.0198289, 536.872, 10600788
0.0198278, 536.516, 10607876
0.0198291, 536.081, 10616560
0.0198638, 535.656, 10625086
0.0198715, 535.084, 10636897
0.0198895, 534.658, 10645724
0.0199125, 534.28, 10653407
0.0197491, 537.592, 10661702
0.0196072, 537.424, 10670110
0.019619, 536.984, 10678879
0.0196251, 536.452, 10689562
0.0196122, 536.011, 10698481
0.019627, 535.617, 10706374
0.0196509, 535.241, 10714020
0.0196361, 534.83, 10722326
0.0197064, 534.44, 10730579
0.0199446, 535.283, 10738789
0.019967, 534.866, 10747237
0.0199934, 534.338, 10758185
0.0200009, 533.915, 10766744
0.0199839, 533.524, 10774771
0.0199887, 533.122, 10782927
0.0199903, 532.723, 10791017
0.0199632, 532.292, 10799937
0.0199918, 531.877, 10808647
0.0199997, 531.285, 10820771
0.020015, 530.807, 10830572
0.0199533, 530.459, 10838560
0.019951, 530.062, 10847208
0.0199326, 529.65, 10855718
0.0199559, 529.251, 10865639
0.0199581, 528.858, 10873729
0.0199418, 528.421, 10882743
0.019927, 527.934, 10892894
0.0198699, 527.589, 10901340
0.0198514, 526.98, 10914056
0.0198508, 526.541, 10923190
0.0198458, 526.14, 10931614
0.0198673, 525.737, 10940110
0.0198113, 525.35, 10949012
0.0198161, 524.959, 10957198
0.0198139, 524.555, 10965702
0.0195339, 524.831, 10974243
0.0195299, 524.431, 10982827
0.0195198, 524.029, 10991274
0.0193971, 525.046, 10999778
0.0194138, 524.629, 11008529
0.0194044, 524.222, 11017230
0.0194061, 523.819, 11025724
0.0194027, 523.427, 11034052
0.0194041, 523.018, 11042733
0.0194136, 522.621, 11051185
0.0193984, 522.216, 11059806
0.0194726, 521.889, 11068320
0.0194524, 521.481, 11077182
0.0194475, 521.07, 11086139
0.0194384, 520.704, 11094233
0.019433, 520.302, 11102874
0.0194342, 519.901, 11111501
0.0194476, 519.531, 11119697
0.0194454, 519.165, 11128161
0.0194661, 518.762, 11136843
0.0194573, 518.402, 11144655
0.0194917, 518.062, 11153154
0.019493, 517.668, 11161747
0.0195042, 517.118, 11173694
0.0194908, 516.728, 11182202
0.0194928, 516.347, 11190457
0.0195015, 515.977, 11198538
0.0195238, 515.594, 11207151
0.0195322, 515.218, 11215681
0.0195447, 514.836, 11224087
0.0195206, 514.45, 11232605
0.0194982, 514.083, 11241017
0.0195154, 513.694, 11249615
0.0195313, 513.425, 11258001
0.019532, 513.067, 11266175
0.0195455, 512.708, 11274095
0.0195271, 512.316, 11282988
0.0195149, 511.959, 11290905
0.019501, 511.594, 11299083
0.0194484, 511.277, 11307185
0.0194551, 510.923, 11315207
0.0194756, 510.443, 11326556
0.0195107, 510.108, 11334169
0.0195048, 509.743, 11342309
0.0195252, 509.383, 11350451
0.0195282, 509.009, 11358823
0.0194826, 508.482, 11370932
0.0194623, 508.127, 11378919
0.0194641, 507.762, 11387116
0.019476, 507.406, 11395210
0.0194494, 506.925, 11406229
0.0194446, 506.639, 11412697
0.0194307, 507.132, 11421011
0.0193871, 506.777, 11429623
0.0193905, 506.4, 11438152
0.0193855, 506.029, 11446626
0.019415, 505.706, 11455209
0.0194533, 505.351, 11463388
0.0194549, 504.986, 11471705
0.0194508, 504.62, 11480111
0.0194575, 504.239, 11488855
0.01946, 503.882, 11496997
0.0194791, 503.515, 11505482
0.0194419, 503.201, 11513465
0.019449, 502.837, 11521822
0.0194695, 502.436, 11531132
0.019463, 502.104, 11538787
0.0196603, 501.971, 11547426
0.0196347, 501.669, 11554610
0.0196279, 501.314, 11562808
0.0196628, 501.036, 11569406
0.0197182, 500.744, 11576847
0.0197451, 500.399, 11584976
0.0197521, 500.007, 11594073
0.0197757, 499.662, 11602121
0.0197924, 499.318, 11610186
0.0197959, 498.973, 11618419
0.0197908, 498.614, 11626795
0.0197725, 498.034, 11640461
0.0197733, 497.696, 11648423
0.019766, 497.289, 11658021
0.0197469, 496.946, 11666281
0.01973, 496.596, 11674577
0.0197305, 496.239, 11682983
0.0197637, 495.888, 11691485
0.0198001, 495.548, 11699782
0.0197962, 495.122, 11709892
0.0198067, 494.798, 11717654
0.0198057, 494.455, 11725808
0.019813, 494.112, 11734391
0.0198288, 493.766, 11742633
0.0198316, 493.434, 11750829
0.0198255, 493.109, 11758671
0.0198253, 492.731, 11767717
0.0198281, 492.442, 11774639
0.0198355, 492.119, 11782395
0.0198303, 491.777, 11790623
0.0198048, 491.453, 11798552
0.0198023, 491.119, 11806614
0.0197931, 490.744, 11815703
0.0197942, 490.406, 11823909
0.0198033, 490.058, 11832410
0.019803, 489.716, 11840760
0.0198195, 489.365, 11849313
0.0198212, 488.985, 11858704
0.0198228, 488.595, 11868183
0.0198182, 488.25, 11876633
0.0198123, 487.902, 11885141
0.0198069, 487.609, 11892438
0.0198146, 487.27, 11900748
0.0198355, 486.92, 11909528
0.0198637, 486.574, 11918058
0.0198628, 486.249, 11926107
0.0198726, 485.918, 11934299
0.0198767, 485.536, 11943780
0.0198789, 485.202, 11952109
0.0198454, 484.766, 11963092
0.019843, 484.42, 11971753
0.0198272, 484.066, 11980602
0.019816, 483.737, 11988818
0.0198015, 483.397, 11997277
0.0198177, 483.065, 12005620
0.0198153, 482.72, 12014315
0.0198276, 482.383, 12022766
0.0198277, 482.028, 12031680
0.0198196, 481.692, 12040462
0.019821, 481.363, 12048852
0.0198322, 481.041, 12056941
0.0198179, 480.706, 12065404
0.0197682, 480.437, 12073711
0.0197596, 480.105, 12082215
0.0197484, 479.723, 12091990
0.019762, 479.38, 12100721
0.0197681, 479.193, 12105453
0.0195982, 479.113, 12113682
0.0196241, 478.621, 12126371
0.0196188, 478.297, 12135281
0.019627, 477.953, 12144048
0.0196525, 477.622, 12152762
0.0196543, 477.287, 12161335
0.0196598, 476.955, 12169844
0.0197803, 476.747, 12178436
0.0197932, 476.416, 12187048
0.0197983, 476.095, 12195462
0.0197969, 475.769, 12203875
0.0198837, 475.498, 12212193
0.019891, 475.134, 12221573
0.019866, 474.81, 12230159
0.0198637, 474.46, 12239215
0.0198599, 474.16, 12247646
0.0198348, 473.855, 12255850
0.0198814, 473.535, 12264496
0.0198699, 473.343, 12269531
0.0198675, 473.006, 12278316
0.0198156, 472.378, 12297361
0.0197864, 472.145, 12303903
0.0197859, 471.831, 12312185
0.0197857, 471.53, 12320062
0.0197759, 471.161, 12330007
0.0197703, 470.843, 12338570
0.0197707, 470.572, 12345692
0.019764, 470.251, 12354197
0.0197863, 469.65, 12370141
0.019769, 469.34, 12378501
0.0197852, 468.881, 12391096
0.0197756, 468.573, 12399259
0.0197663, 468.269, 12407493
0.0197611, 467.967, 12415539
0.0197294, 467.675, 12423358
0.0197235, 467.263, 12434412
0.0196968, 466.961, 12442666
0.0197134, 466.576, 12452989
0.0197155, 466.32, 12460787
0.0196789, 466.023, 12469306
0.019665, 465.728, 12477375
0.0196816, 465.426, 12485555
0.0196865, 465.119, 12493896
0.019671, 464.822, 12501969
0.0196917, 464.631, 12510370
0.0197101, 464.301, 12519315
0.0196876, 464.002, 12527541
0.0196856, 463.636, 12537463
0.0196611, 463.377, 12544649
0.0196862, 463.068, 12553122
0.0196973, 462.566, 12568297
0.0196913, 462.278, 12576208
0.0196888, 461.986, 12584240
0.0196899, 461.669, 12592923
0.0196932, 461.37, 12601119
0.0196914, 461.056, 12609718
0.0197058, 460.744, 12618465
0.0197142, 460.443, 12626813
0.0197029, 460.138, 12635288
0.0197077, 459.844, 12643462
0.0196982, 459.591, 12650483
0.0196571, 459.35, 12658391
0.0196962, 459.08, 12666251
0.0196947, 458.803, 12673939
0.0197141, 458.524, 12681795
0.0196928, 458.156, 12692038
0.0196954, 457.854, 12700436
0.0196969, 457.554, 12708967
0.0197043, 457.247, 12717559
0.0196988, 456.857, 12728467
0.0196786, 456.567, 12736612
0.0196676, 456.309, 12743841
0.019651, 455.991, 12752850
0.0196339, 455.726, 12760554
0.019637, 455.394, 12769957
0.0196666, 455.129, 12777725
0.0196752, 454.677, 12790481
0.0196607, 454.396, 12798728
0.0196544, 454.035, 12809072
0.0196512, 453.822, 12815141
0.0196307, 453.456, 12826198
0.0196344, 453.167, 12834440
0.0196647, 452.894, 12842619
0.0196763, 452.619, 12850440
0.0196631, 452.357, 12858084
0.0196598, 452.074, 12866270
0.0196425, 451.797, 12874258
0.01965, 451.529, 12882013
0.0196507, 451.239, 12890354
0.0196806, 450.947, 12898784
0.0196781, 450.648, 12907687
0.0196784, 450.349, 12916338
0.0196827, 450.059, 12924841
0.0196779, 449.828, 12933113
0.0196948, 449.514, 12942196
0.0197171, 449.228, 12950558
0.0196973, 448.957, 12959086
0.0196928, 448.664, 12967585
0.0197093, 448.379, 12975890
0.0197053, 448.077, 12984656
0.0197126, 447.785, 12993181
0.0197124, 447.511, 13001230
0.0197156, 447.238, 13009247
0.019718, 446.947, 13017728
0.0197212, 446.666, 13025992
0.0197576, 446.41, 13034644
0.019756, 446.117, 13043225
0.0197633, 445.832, 13051760
0.0197688, 445.559, 13059872
0.019812, 445.312, 13068541
0.0198007, 445.018, 13077233
0.019784, 444.727, 13085895
0.0198256, 444.445, 13094446
0.0198279, 444.16, 13102986
0.0198379, 443.855, 13112077
0.0198488, 443.57, 13120506
0.0198501, 443.276, 13129294
0.0198795, 442.998, 13137657
0.0198357, 442.713, 13146587
0.0198063, 442.419, 13155505
0.0197981, 442.145, 13163727
0.0197888, 441.859, 13172290
0.0197734, 441.548, 13181923
0.0197822, 441.276, 13190113
0.0197686, 440.997, 13198563
0.0197566, 440.735, 13206658
0.0197287, 440.457, 13215246
0.0197532, 440.185, 13223486
0.0197435, 439.872, 13232965
0.019749, 439.599, 13241220
0.0197301, 439.337, 13249785
0.0197574, 439.068, 13258202
0.0196506, 439.024, 13267530
0.0195917, 438.777, 13275933
0.0195975, 438.487, 13284897
0.0196184, 438.187, 13294263
0.0196354, 437.909, 13302867
0.019639, 437.628, 13311445
0.0195795, 437.316, 13322827
0.0195506, 437.071, 13331059
0.0195593, 436.755, 13340790
0.0195486, 436.469, 13349574
0.0195447, 436.195, 13357995
0.0195402, 435.925, 13366366
0.0195632, 435.65, 13375005
0.019573, 435.375, 13383597
0.0195809, 435.109, 13391935
0.0196175, 434.875, 13400317
0.0196146, 434.571, 13409760
0.0196273, 434.302, 13418123
0.0196451, 433.927, 13429765
0.0196411, 433.683, 13437355
0.0196527, 433.407, 13445969
0.0196499, 433.133, 13454518
0.0196553, 432.874, 13462731
0.0196596, 432.606, 13471095
0.0196958, 432.333, 13479885
0.0196932, 432.039, 13489189
0.0197105, 431.796, 13496806
0.0196538, 431.625, 13505303
0.0196676, 431.379, 13513051
0.0196018, 431.458, 13521788
0.0195989, 431.113, 13532629
0.0196137, 430.859, 13540630
0.0197885, 431.217, 13548676
0.0197502, 430.914, 13558946
0.0197604, 430.628, 13568011
0.0197701, 430.368, 13576324
0.019807, 430.107, 13584885
0.0198231, 429.842, 13593338
0.0198236, 429.575, 13601923
0.0198653, 429.341, 13610233
0.0198719, 429.089, 13618703
0.0198868, 428.838, 13627195
0.0198769, 428.573, 13635777
0.0198705, 428.306, 13644360
0.0198729, 428.041, 13652856
0.0198468, 427.785, 13661518
0.0198543, 427.534, 13669666
0.0198515, 427.269, 13678216
0.0198552, 427.006, 13686855
0.0198499, 426.739, 13695434
0.0198164, 426.466, 13704315
0.0198193, 426.208, 13712710
0.0198244, 425.948, 13721107
0.0198302, 425.697, 13729417
0.0198725, 425.52, 13737917
0.0198695, 425.312, 13746033
0.0198653, 425.008, 13756249
0.0198521, 424.781, 13763744
0.0198757, 424.547, 13771418
0.0198548, 424.32, 13779136
0.019869, 424.079, 13787015
0.0198707, 423.838, 13794917
0.0198295, 423.63, 13803115
0.0198191, 423.387, 13811220
0.0197474, 423.119, 13820490
0.0197568, 422.773, 13831919
0.0197632, 422.516, 13840452
0.0198433, 422.325, 13849010
0.0198362, 422.068, 13857491
0.0198199, 421.821, 13865909
0.0198244, 421.546, 13875002
0.0198434, 421.299, 13883216
0.0198586, 421.043, 13891730
0.0198609, 420.8, 13900319
0.0198632, 420.53, 13909292
0.0198633, 420.261, 13918268
0.019744, 420.926, 13926413
0.0197429, 420.667, 13935038
0.0197417, 420.445, 13942446
0.0197462, 420.191, 13950877
0.0197764, 419.966, 13959083
0.0197863, 419.723, 13967283
0.019796, 419.496, 13974954
0.0197947, 419.168, 13985979
0.0197804, 418.94, 13993828
0.019784, 418.7, 14001895
0.0197949, 418.458, 14010223
0.0197984, 418.215, 14018514
0.0197501, 417.974, 14026821
0.019748, 417.73, 14035195
0.019772, 417.512, 14042819
0.0196204, 417.833, 14050998
0.0196115, 417.599, 14059011
0.0196131, 417.399, 14067792
0.0195765, 417.157, 14076389
0.0195916, 416.924, 14084927
0.0196066, 416.698, 14092703
0.0196157, 416.458, 14100897
0.0196312, 416.206, 14109499
0.0196642, 416.138, 14117853
0.0196538, 415.896, 14126120
0.0196704, 415.568, 14137344
0.0196772, 415.317, 14145929
0.0196138, 415.012, 14158451
0.0196055, 414.77, 14166735
0.0196031, 414.504, 14176126
0.0195973, 414.26, 14184633
0.019504, 414.198, 14193272
0.0194898, 413.964, 14201760
0.019501, 413.716, 14210304
0.0195052, 413.469, 14218857
0.0195183, 413.227, 14227310
0.0194659, 413.016, 14235848
0.0194433, 412.799, 14244108
0.0194388, 412.518, 14253972
0.0194319, 412.271, 14262596
0.0194443, 412.024, 14271242
0.0194459, 411.766, 14280649
0.0194459, 411.542, 14288451
0.0194522, 411.306, 14296734
0.0194498, 411.063, 14305204
0.0194543, 410.827, 14313436
0.0194351, 410.594, 14321847
0.0194658, 410.375, 14330345
0.0194636, 410.138, 14338739
0.0194702, 409.919, 14346508
0.0194363, 409.697, 14354477
0.0194247, 409.456, 14363029
0.0194241, 409.212, 14371777
0.0194219, 408.993, 14379633
0.0194049, 408.751, 14388498
0.0194136, 408.5, 14397389
0.0194522, 408.3, 14404945
0.0194862, 408.091, 14413515
0.0194835, 407.833, 14422651
0.0194996, 407.605, 14430811
0.0195188, 407.361, 14439549
0.0195241, 407.15, 14447781
0.0195439, 406.917, 14456124
0.0195329, 406.691, 14464419
0.019536, 406.449, 14473085
0.019532, 406.164, 14483344
0.0195606, 405.94, 14491565
0.019505, 405.803, 14498989
0.0195084, 405.573, 14507405
0.0195329, 405.354, 14515612
0.0195204, 405.078, 14525719
0.0194759, 404.869, 14533888
0.0194812, 404.577, 14544643
0.0194981, 404.358, 14552538
0.0195077, 404.09, 14562328
0.0194909, 403.869, 14570339
0.0194821, 403.647, 14578392
0.0194876, 403.417, 14586808
0.0194946, 403.181, 14595408
0.0194756, 402.99, 14603588
0.0194652, 402.771, 14611550
0.0194469, 402.552, 14619753
0.019436, 402.29, 14629494
0.0194354, 402.058, 14637984
0.0194585, 401.845, 14646169
0.0194532, 401.625, 14654249
0.0194618, 401.395, 14662770
0.0194742, 401.16, 14671413
0.0194885, 400.914, 14680585
0.019486, 400.639, 14690845
0.0194823, 400.423, 14699146
0.0194884, 400.189, 14707789
0.019513, 399.955, 14716477
0.0195147, 399.719, 14725189
0.0195378, 399.484, 14734165
0.0195354, 399.252, 14742790
0.0195348, 399.046, 14750813
0.019562, 398.82, 14759214
0.0195613, 398.604, 14767796
0.0195695, 398.375, 14776356
0.0195659, 398.154, 14784998
0.0195532, 397.912, 14794303
0.0195599, 397.688, 14802749
0.0195521, 397.401, 14813565
0.0195527, 397.171, 14822175
0.0195656, 396.96, 14830747
0.0195727, 396.732, 14839314
0.0195625, 396.476, 14848926
0.0195479, 396.157, 14861024
0.0195343, 395.933, 14869585
0.0195576, 395.73, 14877752
0.019556, 395.532, 14885237
0.0195896, 395.253, 14896537
0.0195937, 395.042, 14904561
0.0195979, 394.842, 14912208
0.0195935, 394.628, 14920401
0.0195903, 394.421, 14928295
0.0195881, 394.212, 14936296
0.0195787, 394.005, 14944252
0.0195863, 393.786, 14952643
0.0195518, 393.6, 14960973
0.0195961, 393.423, 14969014
0.0195803, 393.216, 14977023
0.0195833, 393.007, 14985003
0.0195463, 392.804, 14994602
0.0196148, 392.659, 15002250
0.0195784, 393.661, 15010229
0.0195911, 393.446, 15018479
0.0195936, 393.245, 15026738
0.0195841, 393.025, 15035319
0.019597, 392.827, 15042906
0.0195828, 392.617, 15051222
0.0195855, 392.391, 15059951
0.0195781, 392.207, 15067020
0.0195939, 391.992, 15075767
0.01958, 391.816, 15082716
0.0196011, 391.572, 15092407
0.0196288, 391.363, 15100652
0.0200038, 848.026, 15109661
0.0200242, 847.669, 15117725
0.0200135, 847.211, 15126026
0.0199993, 846.75, 15134305
0.0199946, 846.282, 15142716
0.0200148, 845.839, 15150680
0.0199864, 845.345, 15159702
0.0199786, 844.863, 15168415
0.0200803, 844.499, 15176396
0.0200683, 844.119, 15183302
0.0200759, 843.671, 15191379
0.0199962, 843.494, 15199598
0.0200034, 843.036, 15207863
0.0199936, 842.579, 15216164
0.0199934, 842.118, 15224525
0.0199817, 841.62, 15233579
0.0199776, 841.152, 15242090
0.0199569, 840.689, 15250511
0.0199598, 840.224, 15259261
0.0199742, 839.799, 15267003
0.0199661, 839.347, 15275242
0.0199526, 838.9, 15283442
0.0199816, 838.466, 15291536
0.0199818, 838.03, 15299502
0.0199743, 837.59, 15307689
0.0200135, 837.158, 15316181
0.0202667, 837.322, 15324300
0.020257, 836.873, 15332543
0.020202, 836.545, 15340831
0.0201873, 836.089, 15349225
0.0202187, 835.64, 15357736
0.020213, 835.222, 15365448
0.0202285, 834.776, 15373804
0.0202106, 834.163, 15385445
0.0201953, 833.744, 15393293
0.0201767, 833.29, 15401790
0.0201307, 832.892, 15410147
0.0201345, 832.439, 15418602
0.0201113, 831.996, 15427058
0.0201126, 831.53, 15435784
0.0201029, 831.049, 15444761
0.0200764, 830.588, 15453538
0.0200768, 830.112, 15462521
0.0200783, 829.677, 15470646
0.0200783, 829.238, 15478885
0.0200981, 828.806, 15487131
0.0200438, 828.553, 15495732
0.0200454, 828.02, 15505757
0.0200505, 827.581, 15513996
0.0200435, 827.136, 15522379
0.0200439, 826.603, 15532404
0.0200368, 826.181, 15540368
0.0200291, 825.762, 15548272
0.0200229, 825.423, 15554693
0.0200106, 825.018, 15562406
0.0199968, 824.603, 15570999
0.019996, 824.15, 15579574
0.0199923, 823.542, 15591093
0.020019, 823.153, 15598536
0.0200287, 822.736, 15606453
0.0200229, 822.191, 15617251
0.0200287, 821.765, 15625375
0.0200205, 821.348, 15633322
0.0200425, 820.901, 15641924
0.0200387, 820.163, 15656062
0.0200134, 819.749, 15664008
0.0200114, 819.284, 15672904
0.020019, 818.901, 15680247
0.0199966, 818.479, 15688533
0.0200033, 818.055, 15696711
0.0200018, 817.632, 15704839
0.0199973, 817.238, 15713009
0.0199835, 816.816, 15721163
0.0199308, 816.41, 15729304
0.0200238, 816.785, 15737664
0.0200465, 816.351, 15746243
0.0200468, 815.844, 15756042
0.0200639, 815.328, 15766064
0.0200969, 814.927, 15774025
0.0200864, 814.493, 15782515
0.0201452, 814.099, 15790524
0.0201495, 813.629, 15799692
0.0201521, 813.256, 15807397
0.0201456, 812.818, 15816022
0.0201338, 812.403, 15824241
0.0201401, 811.954, 15833090
0.0201215, 811.538, 15841266
0.020108, 811.065, 15850540
0.0201123, 810.773, 15859039
0.0201315, 809.954, 15875227
0.0201131, 809.532, 15883545
0.0201337, 809.142, 15891583
0.0201024, 808.741, 15899798
0.0201302, 808.366, 15907365
0.0201222, 807.815, 15918283
0.0201178, 807.436, 15925791
0.0201071, 807.018, 15934168
0.0200806, 806.61, 15942393
0.0201092, 806.164, 15951321
0.020092, 805.74, 15959771
0.0201091, 805.385, 15966898
0.0201125, 804.988, 15974775
0.0200686, 804.507, 15984730
